{
    "air": -158,
    "apple": 257,
    "golden_apple": 258,
    "enchanted_golden_apple": 259,
    "mushroom_stew": 260,
    "bread": 261,
    "porkchop": 262,
    "cooked_porkchop": 263,
    "cod": 264,
    "salmon": 265,
    "tropical_fish": 266,
    "pufferfish": 267,
    "cooked_cod": 268,
    "cooked_salmon": 269,
    "dried_kelp": 270,
    "cookie": 271,
    "melon_slice": 272,
    "beef": 273,
    "cooked_beef": 274,
    "chicken": 275,
    "cooked_chicken": 276,
    "rotten_flesh": 277,
    "spider_eye": 278,
    "carrot": 279,
    "potato": 280,
    "baked_potato": 281,
    "poisonous_potato": 282,
    "golden_carrot": 283,
    "pumpkin_pie": 284,
    "beetroot": 285,
    "beetroot_soup": 286,
    "sweet_berries": 287,
    "rabbit": 288,
    "cooked_rabbit": 289,
    "rabbit_stew": 290,
    "wheat_seeds": 291,
    "pumpkin_seeds": 292,
    "melon_seeds": 293,
    "nether_wart": 294,
    "beetroot_seeds": 295,
    "iron_shovel": 296,
    "iron_pickaxe": 297,
    "iron_axe": 298,
    "flint_and_steel": 299,
    "bow": 300,
    "arrow": 301,
    "coal": 302,
    "charcoal": 303,
    "diamond": 304,
    "iron_ingot": 305,
    "gold_ingot": 306,
    "iron_sword": 307,
    "wooden_sword": 308,
    "wooden_shovel": 309,
    "wooden_pickaxe": 310,
    "wooden_axe": 311,
    "stone_sword": 312,
    "stone_shovel": 313,
    "stone_pickaxe": 314,
    "stone_axe": 315,
    "diamond_sword": 316,
    "diamond_shovel": 317,
    "diamond_pickaxe": 318,
    "diamond_axe": 319,
    "stick": 320,
    "bowl": 321,
    "golden_sword": 322,
    "golden_shovel": 323,
    "golden_pickaxe": 324,
    "golden_axe": 325,
    "string": 326,
    "feather": 327,
    "gunpowder": 328,
    "wooden_hoe": 329,
    "stone_hoe": 330,
    "iron_hoe": 331,
    "diamond_hoe": 332,
    "golden_hoe": 333,
    "wheat": 334,
    "leather_helmet": 335,
    "leather_chestplate": 336,
    "leather_leggings": 337,
    "leather_boots": 338,
    "chainmail_helmet": 339,
    "chainmail_chestplate": 340,
    "chainmail_leggings": 341,
    "chainmail_boots": 342,
    "iron_helmet": 343,
    "iron_chestplate": 344,
    "iron_leggings": 345,
    "iron_boots": 346,
    "diamond_helmet": 347,
    "diamond_chestplate": 348,
    "diamond_leggings": 349,
    "diamond_boots": 350,
    "golden_helmet": 351,
    "golden_chestplate": 352,
    "golden_leggings": 353,
    "golden_boots": 354,
    "shield": 355,
    "flint": 356,
    "painting": 357,
    "oak_sign": 358,
    "wooden_door": 359,
    "bucket": 360,
    "milk_bucket": 361,
    "water_bucket": 362,
    "lava_bucket": 363,
    "cod_bucket": 364,
    "salmon_bucket": 365,
    "tropical_fish_bucket": 366,
    "pufferfish_bucket": 367,
    "minecart": 368,
    "saddle": 369,
    "iron_door": 370,
    "redstone": 371,
    "snowball": 372,
    "oak_boat": 373,
    "birch_boat": 374,
    "jungle_boat": 375,
    "spruce_boat": 376,
    "acacia_boat": 377,
    "dark_oak_boat": 378,
    "leather": 379,
    "kelp": 380,
    "brick": 381,
    "clay_ball": 382,
    "sugar_cane": 383,
    "paper": 384,
    "book": 385,
    "slime_ball": 386,
    "chest_minecart": 387,
    "egg": 388,
    "compass": 389,
    "fishing_rod": 390,
    "clock": 391,
    "glowstone_dust": 392,
    "black_dye": 393,
    "red_dye": 394,
    "green_dye": 395,
    "brown_dye": 396,
    "blue_dye": 397,
    "purple_dye": 398,
    "cyan_dye": 399,
    "light_gray_dye": 400,
    "gray_dye": 401,
    "pink_dye": 402,
    "lime_dye": 403,
    "yellow_dye": 404,
    "light_blue_dye": 405,
    "magenta_dye": 406,
    "orange_dye": 407,
    "white_dye": 408,
    "bone_meal": 409,
    "cocoa_beans": 410,
    "ink_sac": 411,
    "lapis_lazuli": 412,
    "bone": 413,
    "sugar": 414,
    "cake": 415,
    "bed": 416,
    "repeater": 417,
    "filled_map": 418,
    "shears": 419,
    "ender_pearl": 420,
    "blaze_rod": 421,
    "ghast_tear": 422,
    "gold_nugget": 423,
    "potion": 424,
    "glass_bottle": 425,
    "fermented_spider_eye": 426,
    "blaze_powder": 427,
    "magma_cream": 428,
    "brewing_stand": 429,
    "cauldron": 430,
    "ender_eye": 431,
    "glistering_melon_slice": 432,
    "chicken_spawn_egg": 433,
    "cow_spawn_egg": 434,
    "pig_spawn_egg": 435,
    "sheep_spawn_egg": 436,
    "wolf_spawn_egg": 437,
    "mooshroom_spawn_egg": 438,
    "creeper_spawn_egg": 439,
    "enderman_spawn_egg": 440,
    "silverfish_spawn_egg": 441,
    "skeleton_spawn_egg": 442,
    "slime_spawn_egg": 443,
    "spider_spawn_egg": 444,
    "zombie_spawn_egg": 445,
    "zombie_pigman_spawn_egg": 446,
    "villager_spawn_egg": 447,
    "squid_spawn_egg": 448,
    "ocelot_spawn_egg": 449,
    "witch_spawn_egg": 450,
    "bat_spawn_egg": 451,
    "ghast_spawn_egg": 452,
    "magma_cube_spawn_egg": 453,
    "blaze_spawn_egg": 454,
    "cave_spider_spawn_egg": 455,
    "horse_spawn_egg": 456,
    "rabbit_spawn_egg": 457,
    "endermite_spawn_egg": 458,
    "guardian_spawn_egg": 459,
    "stray_spawn_egg": 460,
    "husk_spawn_egg": 461,
    "wither_skeleton_spawn_egg": 462,
    "donkey_spawn_egg": 463,
    "mule_spawn_egg": 464,
    "skeleton_horse_spawn_egg": 465,
    "zombie_horse_spawn_egg": 466,
    "shulker_spawn_egg": 467,
    "npc_spawn_egg": 468,
    "elder_guardian_spawn_egg": 469,
    "polar_bear_spawn_egg": 470,
    "llama_spawn_egg": 471,
    "vindicator_spawn_egg": 472,
    "evoker_spawn_egg": 473,
    "vex_spawn_egg": 474,
    "zombie_villager_spawn_egg": 475,
    "parrot_spawn_egg": 476,
    "tropical_fish_spawn_egg": 477,
    "cod_spawn_egg": 478,
    "pufferfish_spawn_egg": 479,
    "salmon_spawn_egg": 480,
    "drowned_spawn_egg": 481,
    "dolphin_spawn_egg": 482,
    "turtle_spawn_egg": 483,
    "phantom_spawn_egg": 484,
    "agent_spawn_egg": 485,
    "cat_spawn_egg": 486,
    "panda_spawn_egg": 487,
    "fox_spawn_egg": 488,
    "pillager_spawn_egg": 489,
    "wandering_trader_spawn_egg": 490,
    "ravager_spawn_egg": 491,
    "bee_spawn_egg": 492,
    "strider_spawn_egg": 493,
    "hoglin_spawn_egg": 494,
    "piglin_spawn_egg": 495,
    "zoglin_spawn_egg": 496,
    "piglin_brute_spawn_egg": 497,
    "experience_bottle": 498,
    "fire_charge": 499,
    "writable_book": 500,
    "written_book": 501,
    "emerald": 502,
    "frame": 503,
    "flower_pot": 504,
    "empty_map": 505,
    "skull": 506,
    "carrot_on_a_stick": 507,
    "nether_star": 508,
    "firework_rocket": 509,
    "firework_star": 510,
    "enchanted_book": 511,
    "comparator": 512,
    "netherbrick": 513,
    "quartz": 514,
    "tnt_minecart": 515,
    "hopper_minecart": 516,
    "hopper": 517,
    "rabbit_foot": 518,
    "rabbit_hide": 519,
    "leather_horse_armor": 520,
    "iron_horse_armor": 521,
    "golden_horse_armor": 522,
    "diamond_horse_armor": 523,
    "music_disc_13": 524,
    "music_disc_cat": 525,
    "music_disc_blocks": 526,
    "music_disc_chirp": 527,
    "music_disc_far": 528,
    "music_disc_mall": 529,
    "music_disc_mellohi": 530,
    "music_disc_stal": 531,
    "music_disc_strad": 532,
    "music_disc_ward": 533,
    "music_disc_11": 534,
    "music_disc_wait": 535,
    "trident": 536,
    "lead": 537,
    "name_tag": 538,
    "prismarine_crystals": 539,
    "mutton": 540,
    "cooked_mutton": 541,
    "armor_stand": 542,
    "spruce_door": 543,
    "birch_door": 544,
    "jungle_door": 545,
    "acacia_door": 546,
    "dark_oak_door": 547,
    "chorus_fruit": 548,
    "popped_chorus_fruit": 549,
    "dragon_breath": 550,
    "splash_potion": 551,
    "lingering_potion": 552,
    "command_block_minecart": 553,
    "elytra": 554,
    "prismarine_shard": 555,
    "shulker_shell": 556,
    "banner": 557,
    "totem_of_undying": 558,
    "iron_nugget": 559,
    "nautilus_shell": 560,
    "heart_of_the_sea": 561,
    "scute": 562,
    "turtle_helmet": 563,
    "phantom_membrane": 564,
    "crossbow": 565,
    "spruce_sign": 566,
    "birch_sign": 567,
    "jungle_sign": 568,
    "acacia_sign": 569,
    "dark_oak_sign": 570,
    "flower_banner_pattern": 571,
    "creeper_banner_pattern": 572,
    "skull_banner_pattern": 573,
    "mojang_banner_pattern": 574,
    "field_masoned_banner_pattern": 575,
    "bordure_indented_banner_pattern": 576,
    "piglin_banner_pattern": 577,
    "campfire": 578,
    "suspicious_stew": 579,
    "honeycomb": 580,
    "honey_bottle": 581,
    "camera": 582,
    "compound": 583,
    "ice_bomb": 584,
    "bleach": 585,
    "rapid_fertilizer": 586,
    "balloon": 587,
    "medicine": 588,
    "sparkler": 589,
    "glow_stick": 166,
    "lodestone_compass": 590,
    "netherite_ingot": 591,
    "netherite_sword": 592,
    "netherite_shovel": 593,
    "netherite_pickaxe": 594,
    "netherite_axe": 595,
    "netherite_hoe": 596,
    "netherite_helmet": 597,
    "netherite_chestplate": 598,
    "netherite_leggings": 599,
    "netherite_boots": 600,
    "netherite_scrap": 601,
    "crimson_sign": 602,
    "warped_sign": 603,
    "crimson_door": 604,
    "warped_door": 605,
    "warped_fungus_on_a_stick": 606,
    "chain": 607,
    "music_disc_pigstep": 608,
    "nether_sprouts": 609,
    "blackstone_slab": -282,
    "polished_blackstone_brick_slab": -284,
    "polished_blackstone_slab": -293,
    "soul_campfire": 610,
    "stone": 1,
    "dirt": 3,
    "farmland": 60,
    "sand": 12,
    "stained_hardened_clay": 159,
    "wool": 35,
    "carpet": 171,
    "log": 17,
    "fence": 85,
    "stonebrick": 98,
    "coral_block": -132,
    "double_stone_slab": 44,
    "double_stone_slab2": 182,
    "double_stone_slab3": -162,
    "double_stone_slab4": -166,
    "real_double_stone_slab": 43,
    "real_double_stone_slab2": 181,
    "real_double_stone_slab3": -167,
    "real_double_stone_slab4": -168,
    "coral_fan": -133,
    "coral_fan_dead": -134,
    "sea_pickle": -156,
    "sapling": 6,
    "leaves": 18,
    "leaves2": 161,
    "sandstone": 24,
    "red_sandstone": 179,
    "wooden_slab": 158,
    "crimson_roots": -223,
    "warped_roots": -224,
    "yellow_flower": 37,
    "red_flower": 38,
    "double_plant": 175,
    "waterlily": 111,
    "sponge": 19,
    "snow_layer": 78,
    "planks": 5,
    "quartz_block": 155,
    "purpur_block": 201,
    "cobblestone_wall": 139,
    "coral": -131,
    "tallgrass": 31,
    "seagrass": -130,
    "brown_mushroom_block": 99,
    "red_mushroom_block": 100,
    "log2": 162,
    "end_portal_frame": 120,
    "anvil": 145,
    "monster_egg": 97,
    "brewingStandBlock": 117,
    "beacon": 138,
    "conduit": -157,
    "prismarine": 168,
    "seaLantern": 169,
    "concrete": 236,
    "concrete_powder": 237,
    "magma": 213,
    "stained_glass": 241,
    "stained_glass_pane": 160,
    "undyed_shulker_box": 205,
    "shulker_box": 218,
    "piston": 33,
    "sticky_piston": 29,
    "turtle_egg": -159,
    "bamboo": -163,
    "scaffolding": -165,
    "blast_furnace": -196,
    "smoker": -198,
    "smithing_table": -202,
    "barrel": -203,
    "lantern": -208,
    "loom": -204,
    "grindstone": -195,
    "bell": -206,
    "cartography_table": -200,
    "fletching_table": -201,
    "wood": -212,
    "chemistry_table": 238,
    "tnt": 46,
    "hard_stained_glass": 254,
    "hard_stained_glass_pane": 191,
    "colored_torch_rg": 202,
    "colored_torch_bp": 204,
    "light_block": -215,
    "pumpkin": 86,
    "carved_pumpkin": -155,
    "lit_pumpkin": 91,
    "crimson_slab": -264,
    "warped_slab": -265,
    "element_0": 36,
    "element_1": -12,
    "element_2": -13,
    "element_3": -14,
    "element_4": -15,
    "element_5": -16,
    "element_6": -17,
    "element_7": -18,
    "element_8": -19,
    "element_9": -20,
    "element_10": -21,
    "element_11": -22,
    "element_12": -23,
    "element_13": -24,
    "element_14": -25,
    "element_15": -26,
    "element_16": -27,
    "element_17": -28,
    "element_18": -29,
    "element_19": -30,
    "element_20": -31,
    "element_21": -32,
    "element_22": -33,
    "element_23": -34,
    "element_24": -35,
    "element_25": -36,
    "element_26": -37,
    "element_27": -38,
    "element_28": -39,
    "element_29": -40,
    "element_30": -41,
    "element_31": -42,
    "element_32": -43,
    "element_33": -44,
    "element_34": -45,
    "element_35": -46,
    "element_36": -47,
    "element_37": -48,
    "element_38": -49,
    "element_39": -50,
    "element_40": -51,
    "element_41": -52,
    "element_42": -53,
    "element_43": -54,
    "element_44": -55,
    "element_45": -56,
    "element_46": -57,
    "element_47": -58,
    "element_48": -59,
    "element_49": -60,
    "element_50": -61,
    "element_51": -62,
    "element_52": -63,
    "element_53": -64,
    "element_54": -65,
    "element_55": -66,
    "element_56": -67,
    "element_57": -68,
    "element_58": -69,
    "element_59": -70,
    "element_60": -71,
    "element_61": -72,
    "element_62": -73,
    "element_63": -74,
    "element_64": -75,
    "element_65": -76,
    "element_66": -77,
    "element_67": -78,
    "element_68": -79,
    "element_69": -80,
    "element_70": -81,
    "element_71": -82,
    "element_72": -83,
    "element_73": -84,
    "element_74": -85,
    "element_75": -86,
    "element_76": -87,
    "element_77": -88,
    "element_78": -89,
    "element_79": -90,
    "element_80": -91,
    "element_81": -92,
    "element_82": -93,
    "element_83": -94,
    "element_84": -95,
    "element_85": -96,
    "element_86": -97,
    "element_87": -98,
    "element_88": -99,
    "element_89": -100,
    "element_90": -101,
    "element_91": -102,
    "element_92": -103,
    "element_93": -104,
    "element_94": -105,
    "element_95": -106,
    "element_96": -107,
    "element_97": -108,
    "element_98": -109,
    "element_99": -110,
    "element_100": -111,
    "element_101": -112,
    "element_102": -113,
    "element_103": -114,
    "element_104": -115,
    "element_105": -116,
    "element_106": -117,
    "element_107": -118,
    "element_108": -119,
    "element_109": -120,
    "element_110": -121,
    "element_111": -122,
    "element_112": -123,
    "element_113": -124,
    "element_114": -125,
    "element_115": -126,
    "element_116": -127,
    "element_117": -128,
    "element_118": -129,
    "composter": -213,
    "netherite_block": -270,
    "ancient_debris": -271,
    "respawn_anchor": -272,
    "crying_obsidian": -289,
    "minecraft:boat": 611,
    "minecraft:dye": 612,
    "minecraft:banner_pattern": 613,
    "minecraft:spawn_egg": 614,
    "end_crystal": 615,
    "minecraft:acacia_button": -140,
    "minecraft:item.acacia_door": 196,
    "minecraft:acacia_fence_gate": 187,
    "minecraft:acacia_pressure_plate": -150,
    "minecraft:acacia_stairs": 163,
    "minecraft:acacia_standing_sign": -190,
    "minecraft:acacia_trapdoor": -145,
    "minecraft:acacia_wall_sign": -191,
    "minecraft:activator_rail": 126,
    "minecraft:allow": 210,
    "minecraft:andesite_stairs": -171,
    "minecraft:bamboo_sapling": -164,
    "minecraft:barrier": -161,
    "minecraft:basalt": -234,
    "minecraft:item.bed": 26,
    "minecraft:bedrock": 7,
    "minecraft:bee_nest": -218,
    "minecraft:beehive": -219,
    "minecraft:item.beetroot": 244,
    "minecraft:birch_button": -141,
    "minecraft:item.birch_door": 194,
    "minecraft:birch_fence_gate": 184,
    "minecraft:birch_pressure_plate": -151,
    "minecraft:birch_stairs": 135,
    "minecraft:birch_standing_sign": -186,
    "minecraft:birch_trapdoor": -146,
    "minecraft:birch_wall_sign": -187,
    "minecraft:black_glazed_terracotta": 235,
    "minecraft:blackstone": -273,
    "minecraft:blackstone_double_slab": -283,
    "minecraft:blackstone_stairs": -276,
    "minecraft:blackstone_wall": -277,
    "minecraft:blue_glazed_terracotta": 231,
    "minecraft:blue_ice": -11,
    "minecraft:bone_block": 216,
    "minecraft:bookshelf": 47,
    "minecraft:border_block": 212,
    "minecraft:brick_block": 45,
    "minecraft:brick_stairs": 108,
    "minecraft:brown_glazed_terracotta": 232,
    "minecraft:brown_mushroom": 39,
    "minecraft:bubble_column": -160,
    "minecraft:cactus": 81,
    "minecraft:item.cake": 92,
    "minecraft:item.camera": 242,
    "minecraft:item.campfire": -209,
    "minecraft:carrots": 141,
    "minecraft:item.cauldron": 118,
    "minecraft:item.chain": -286,
    "minecraft:chain_command_block": 189,
    "minecraft:chemical_heat": 192,
    "minecraft:chest": 54,
    "minecraft:chiseled_nether_bricks": -302,
    "minecraft:chiseled_polished_blackstone": -279,
    "minecraft:chorus_flower": 200,
    "minecraft:chorus_plant": 240,
    "minecraft:clay": 82,
    "minecraft:coal_block": 173,
    "minecraft:coal_ore": 16,
    "minecraft:cobblestone": 4,
    "minecraft:cocoa": 127,
    "minecraft:command_block": 137,
    "minecraft:coral_fan_hang": -135,
    "minecraft:coral_fan_hang2": -136,
    "minecraft:coral_fan_hang3": -137,
    "minecraft:cracked_nether_bricks": -303,
    "minecraft:cracked_polished_blackstone_bricks": -280,
    "minecraft:crafting_table": 58,
    "minecraft:crimson_button": -260,
    "minecraft:item.crimson_door": -244,
    "minecraft:crimson_double_slab": -266,
    "minecraft:crimson_fence": -256,
    "minecraft:crimson_fence_gate": -258,
    "minecraft:crimson_fungus": -228,
    "minecraft:crimson_hyphae": -299,
    "minecraft:crimson_nylium": -232,
    "minecraft:crimson_planks": -242,
    "minecraft:crimson_pressure_plate": -262,
    "minecraft:crimson_stairs": -254,
    "minecraft:crimson_standing_sign": -250,
    "minecraft:crimson_stem": -225,
    "minecraft:crimson_trapdoor": -246,
    "minecraft:crimson_wall_sign": -252,
    "minecraft:cyan_glazed_terracotta": 229,
    "minecraft:dark_oak_button": -142,
    "minecraft:item.dark_oak_door": 197,
    "minecraft:dark_oak_fence_gate": 186,
    "minecraft:dark_oak_pressure_plate": -152,
    "minecraft:dark_oak_stairs": 164,
    "minecraft:dark_oak_trapdoor": -147,
    "minecraft:dark_prismarine_stairs": -3,
    "minecraft:darkoak_standing_sign": -192,
    "minecraft:darkoak_wall_sign": -193,
    "minecraft:daylight_detector": 151,
    "minecraft:daylight_detector_inverted": 178,
    "minecraft:deadbush": 32,
    "minecraft:deny": 211,
    "minecraft:detector_rail": 28,
    "minecraft:diamond_block": 57,
    "minecraft:diamond_ore": 56,
    "minecraft:diorite_stairs": -170,
    "minecraft:dispenser": 23,
    "minecraft:double_wooden_slab": 157,
    "minecraft:dragon_egg": 122,
    "minecraft:dried_kelp_block": -139,
    "minecraft:dropper": 125,
    "minecraft:emerald_block": 133,
    "minecraft:emerald_ore": 129,
    "minecraft:enchanting_table": 116,
    "minecraft:end_brick_stairs": -178,
    "minecraft:end_bricks": 206,
    "minecraft:end_gateway": 209,
    "minecraft:end_portal": 119,
    "minecraft:end_rod": 208,
    "minecraft:end_stone": 121,
    "minecraft:ender_chest": 130,
    "minecraft:fence_gate": 107,
    "minecraft:fire": 51,
    "minecraft:item.flower_pot": 140,
    "minecraft:flowing_lava": 10,
    "minecraft:flowing_water": 8,
    "minecraft:item.frame": 199,
    "minecraft:frosted_ice": 207,
    "minecraft:furnace": 61,
    "minecraft:gilded_blackstone": -281,
    "minecraft:glass": 20,
    "minecraft:glass_pane": 102,
    "minecraft:glowingobsidian": 246,
    "minecraft:glowstone": 89,
    "minecraft:gold_block": 41,
    "minecraft:gold_ore": 14,
    "minecraft:golden_rail": 27,
    "minecraft:granite_stairs": -169,
    "minecraft:grass": 2,
    "minecraft:grass_path": 198,
    "minecraft:gravel": 13,
    "minecraft:gray_glazed_terracotta": 227,
    "minecraft:green_glazed_terracotta": 233,
    "minecraft:hard_glass": 253,
    "minecraft:hard_glass_pane": 190,
    "minecraft:hardened_clay": 172,
    "minecraft:hay_block": 170,
    "minecraft:heavy_weighted_pressure_plate": 148,
    "minecraft:honey_block": -220,
    "minecraft:honeycomb_block": -221,
    "minecraft:item.hopper": 154,
    "minecraft:ice": 79,
    "minecraft:info_update": 248,
    "minecraft:info_update2": 249,
    "minecraft:invisibleBedrock": 95,
    "minecraft:iron_bars": 101,
    "minecraft:iron_block": 42,
    "minecraft:item.iron_door": 71,
    "minecraft:iron_ore": 15,
    "minecraft:iron_trapdoor": 167,
    "minecraft:jigsaw": -211,
    "minecraft:jukebox": 84,
    "minecraft:jungle_button": -143,
    "minecraft:item.jungle_door": 195,
    "minecraft:jungle_fence_gate": 185,
    "minecraft:jungle_pressure_plate": -153,
    "minecraft:jungle_stairs": 136,
    "minecraft:jungle_standing_sign": -188,
    "minecraft:jungle_trapdoor": -148,
    "minecraft:jungle_wall_sign": -189,
    "minecraft:item.kelp": -138,
    "minecraft:ladder": 65,
    "minecraft:lapis_block": 22,
    "minecraft:lapis_ore": 21,
    "minecraft:lava": 11,
    "minecraft:lava_cauldron": -210,
    "minecraft:lectern": -194,
    "minecraft:lever": 69,
    "minecraft:light_blue_glazed_terracotta": 223,
    "minecraft:light_weighted_pressure_plate": 147,
    "minecraft:lime_glazed_terracotta": 225,
    "minecraft:lit_blast_furnace": -214,
    "minecraft:lit_furnace": 62,
    "minecraft:lit_redstone_lamp": 124,
    "minecraft:lit_redstone_ore": 74,
    "minecraft:lit_smoker": -199,
    "minecraft:lodestone": -222,
    "minecraft:magenta_glazed_terracotta": 222,
    "minecraft:melon_block": 103,
    "minecraft:melon_stem": 105,
    "minecraft:mob_spawner": 52,
    "minecraft:mossy_cobblestone": 48,
    "minecraft:mossy_cobblestone_stairs": -179,
    "minecraft:mossy_stone_brick_stairs": -175,
    "minecraft:movingBlock": 250,
    "minecraft:mycelium": 110,
    "minecraft:nether_brick": 112,
    "minecraft:nether_brick_fence": 113,
    "minecraft:nether_brick_stairs": 114,
    "minecraft:nether_gold_ore": -288,
    "minecraft:item.nether_sprouts": -238,
    "minecraft:item.nether_wart": 115,
    "minecraft:nether_wart_block": 214,
    "minecraft:netherrack": 87,
    "minecraft:netherreactor": 247,
    "minecraft:normal_stone_stairs": -180,
    "minecraft:noteblock": 25,
    "minecraft:oak_stairs": 53,
    "minecraft:observer": 251,
    "minecraft:obsidian": 49,
    "minecraft:orange_glazed_terracotta": 221,
    "minecraft:packed_ice": 174,
    "minecraft:pink_glazed_terracotta": 226,
    "minecraft:pistonArmCollision": 34,
    "minecraft:podzol": 243,
    "minecraft:polished_andesite_stairs": -174,
    "minecraft:polished_basalt": -235,
    "minecraft:polished_blackstone": -291,
    "minecraft:polished_blackstone_brick_double_slab": -285,
    "minecraft:polished_blackstone_brick_stairs": -275,
    "minecraft:polished_blackstone_brick_wall": -278,
    "minecraft:polished_blackstone_bricks": -274,
    "minecraft:polished_blackstone_button": -296,
    "minecraft:polished_blackstone_double_slab": -294,
    "minecraft:polished_blackstone_pressure_plate": -295,
    "minecraft:polished_blackstone_stairs": -292,
    "minecraft:polished_blackstone_wall": -297,
    "minecraft:polished_diorite_stairs": -173,
    "minecraft:polished_granite_stairs": -172,
    "minecraft:portal": 90,
    "minecraft:potatoes": 142,
    "minecraft:powered_comparator": 150,
    "minecraft:powered_repeater": 94,
    "minecraft:prismarine_bricks_stairs": -4,
    "minecraft:prismarine_stairs": -2,
    "minecraft:pumpkin_stem": 104,
    "minecraft:purple_glazed_terracotta": 219,
    "minecraft:purpur_stairs": 203,
    "minecraft:quartz_bricks": -304,
    "minecraft:quartz_ore": 153,
    "minecraft:quartz_stairs": 156,
    "minecraft:rail": 66,
    "minecraft:red_glazed_terracotta": 234,
    "minecraft:red_mushroom": 40,
    "minecraft:red_nether_brick": 215,
    "minecraft:red_nether_brick_stairs": -184,
    "minecraft:red_sandstone_stairs": 180,
    "minecraft:redstone_block": 152,
    "minecraft:redstone_lamp": 123,
    "minecraft:redstone_ore": 73,
    "minecraft:redstone_torch": 76,
    "minecraft:redstone_wire": 55,
    "minecraft:item.reeds": 83,
    "minecraft:repeating_command_block": 188,
    "minecraft:reserved6": 255,
    "minecraft:sandstone_stairs": 128,
    "minecraft:shroomlight": -230,
    "minecraft:silver_glazed_terracotta": 228,
    "minecraft:item.skull": 144,
    "minecraft:slime": 165,
    "minecraft:smooth_quartz_stairs": -185,
    "minecraft:smooth_red_sandstone_stairs": -176,
    "minecraft:smooth_sandstone_stairs": -177,
    "minecraft:smooth_stone": -183,
    "minecraft:snow": 80,
    "minecraft:item.soul_campfire": -290,
    "minecraft:soul_fire": -237,
    "minecraft:soul_lantern": -269,
    "minecraft:soul_sand": 88,
    "minecraft:soul_soil": -236,
    "minecraft:soul_torch": -268,
    "minecraft:spruce_button": -144,
    "minecraft:item.spruce_door": 193,
    "minecraft:spruce_fence_gate": 183,
    "minecraft:spruce_pressure_plate": -154,
    "minecraft:spruce_stairs": 134,
    "minecraft:spruce_standing_sign": -181,
    "minecraft:spruce_trapdoor": -149,
    "minecraft:spruce_wall_sign": -182,
    "minecraft:standing_banner": 176,
    "minecraft:standing_sign": 63,
    "minecraft:stickyPistonArmCollision": -217,
    "minecraft:stone_brick_stairs": 109,
    "minecraft:stone_button": 77,
    "minecraft:stone_pressure_plate": 70,
    "minecraft:stone_stairs": 67,
    "minecraft:stonecutter": 245,
    "minecraft:stonecutter_block": -197,
    "minecraft:stripped_acacia_log": -8,
    "minecraft:stripped_birch_log": -6,
    "minecraft:stripped_crimson_hyphae": -300,
    "minecraft:stripped_crimson_stem": -240,
    "minecraft:stripped_dark_oak_log": -9,
    "minecraft:stripped_jungle_log": -7,
    "minecraft:stripped_oak_log": -10,
    "minecraft:stripped_spruce_log": -5,
    "minecraft:stripped_warped_hyphae": -301,
    "minecraft:stripped_warped_stem": -241,
    "minecraft:structure_block": 252,
    "minecraft:structure_void": 217,
    "minecraft:sweet_berry_bush": -207,
    "minecraft:target": -239,
    "minecraft:torch": 50,
    "minecraft:trapdoor": 96,
    "minecraft:trapped_chest": 146,
    "minecraft:tripWire": 132,
    "minecraft:tripwire_hook": 131,
    "minecraft:twisting_vines": -287,
    "minecraft:underwater_torch": 239,
    "minecraft:unknown": -305,
    "minecraft:unlit_redstone_torch": 75,
    "minecraft:unpowered_comparator": 149,
    "minecraft:unpowered_repeater": 93,
    "minecraft:vine": 106,
    "minecraft:wall_banner": 177,
    "minecraft:wall_sign": 68,
    "minecraft:warped_button": -261,
    "minecraft:item.warped_door": -245,
    "minecraft:warped_double_slab": -267,
    "minecraft:warped_fence": -257,
    "minecraft:warped_fence_gate": -259,
    "minecraft:warped_fungus": -229,
    "minecraft:warped_hyphae": -298,
    "minecraft:warped_nylium": -233,
    "minecraft:warped_planks": -243,
    "minecraft:warped_pressure_plate": -263,
    "minecraft:warped_stairs": -255,
    "minecraft:warped_standing_sign": -251,
    "minecraft:warped_stem": -226,
    "minecraft:warped_trapdoor": -247,
    "minecraft:warped_wall_sign": -253,
    "minecraft:warped_wart_block": -227,
    "minecraft:water": 9,
    "minecraft:web": 30,
    "minecraft:weeping_vines": -231,
    "minecraft:item.wheat": 59,
    "minecraft:white_glazed_terracotta": 220,
    "minecraft:wither_rose": -216,
    "minecraft:wooden_button": 143,
    "minecraft:item.wooden_door": 64,
    "minecraft:wooden_pressure_plate": 72,
    "minecraft:yellow_glazed_terracotta": 224
}